"campaign_name","total_visits","total_users","total_views","total_cart_adds","total_purchases","purchase_visit_ratio","cart_conversion_ratio","purchase_conversion_ratio"
NULL,512,183,3061,1243,268,52.34375,40.60764456060111,21.560740144810943
"25% Off - Living The Lux Life",404,160,2434,991,202,50,40.714872637633526,20.383451059535822
"Half Off - Treat Your Shellf(ish)",2388,449,13897,5592,1180,49.413735343383586,40.238900482118446,21.101573676680975
"BOGOF - Fishing For Compliments",260,103,1536,625,127,48.84615384615385,40.69010416666667,20.32
