"impression","click","total_visits","total_users","total_views","total_cart_adds","total_purchases","purchase_visit_ratio"
0,0,2688,500,13443,4034,1040,38.69047619047619
1,0,174,148,1115,402,113,64.9425287356322
1,1,702,397,6370,4015,624,88.88888888888889
